date,ticker,side,price,size
2026-08-06,TQQQ,BUY,70.8400,0.5061
2026-08-06,SPXL,BUY,293.2100,0.9206
2026-08-07,TQQQ,SELL,73.6500,
2026-08-10,SPXL,SELL,295.7200,
2026-08-11,TQQQ,BUY,74.5400,0.5321
2026-08-14,TQQQ,SELL,77.5650,
2026-08-18,TQQQ,BUY,73.3600,0.5650
2026-08-18,SPXL,BUY,290.3900,0.9876
2026-08-24,TQQQ,SELL,70.0000,
2026-08-26,SPXL,SELL,285.2000,
2026-10-01,TQQQ,BUY,78.8800,0.8671
2026-10-01,SPXL,BUY,283.0600,1.0000
2026-10-02,TQQQ,SELL,81.5900,
2026-10-02,SPXL,SELL,289.7100,
